Type,Test,deltax,cfl,erreur_h_L2,erreur_q_L2,erreur_h_L1,erreur_q_L1,erreur_h_L2_mask,erreur_q_L2_mask,erreur_h_L1_mask,erreur_q_L1_mask
Spatial_MUSCL,S1,0.0699301,0.05,0.305477,3.04065,0.282567,1.72293,0.0236377,0.109743,0.0906795,0.583245
Spatial_MUSCL,S2,0.0349825,0.05,0.212063,1.77358,0.143269,0.817251,0.0145751,0.0547125,0.0557314,0.297918
Spatial_MUSCL,S3,0.0174956,0.05,0.141485,1.30948,0.07178,0.413585,0.00859725,0.0273039,0.0322344,0.15121
Temporal_MUSCL,T1,0.0349825,0.45,1.98054,25.1117,12.463,162.403,1.80277,23.4797,11.8307,154.083
Temporal_MUSCL,T2,0.0349825,0.225,0.21581,1.75851,0.169402,1.40078,0.0167274,0.137968,0.0893977,0.920277
Temporal_MUSCL,T3,0.0349825,0.1125,0.213405,1.75292,0.145158,0.827378,0.014971,0.0571509,0.0594494,0.327612
Temporal_MUSCL,T4,0.0349825,0.05625,0.212848,1.77397,0.140962,0.815987,0.0141004,0.0546285,0.0536564,0.298648
