Type,Test,deltax,cfl,erreur_h_L2,erreur_q_L2,erreur_h_L1,erreur_q_L1,erreur_h_L2_mask,erreur_q_L2_mask,erreur_h_L1_mask,erreur_q_L1_mask
Spatial_MUSCL,1a,0.0699301,0.05,1.37124e+27,7.70473e+39,3.62614e+26,2.03746e+39,1.37124e+27,7.70473e+39,3.62614e+26,2.03746e+39
Spatial_MUSCL,1b,0.0349825,0.05,9.69854e+26,5.44942e+39,1.81398e+26,1.01924e+39,9.69854e+26,5.44942e+39,1.81398e+26,1.01924e+39
Temporal_MUSCL,2a,0.00874891,0.9,1.82345e+33,3.49634e+26,1.70558e+32,4.04361e+25,1.82345e+33,3.49634e+26,1.70558e+32,4.04361e+25
Temporal_MUSCL,2b,0.00874891,0.45,2.12966e+42,6.42047e+36,1.99199e+41,6.00543e+35,2.12966e+42,6.42047e+36,1.99199e+41,6.00543e+35
Temporal_MUSCL,2c,0.00874891,0.225,1.63702e+23,1.71964e+45,1.5312e+22,1.60848e+44,1.63702e+23,1.71964e+45,1.5312e+22,1.60848e+44
